vetted,party,name,alias,gender,status,facebook,fbmention,twitter,meme,email,web,text,link,text2,link2
t,reshima-aravit,אבו מערוף עבדאללה,maaruf,m,yes,,,,,,,,,,
t,reshima-aravit,אבו עראר טלב,tabuarar,m,yes,https://www.facebook.com/TlbAbwrar,@TlbAbwrar,,,tabuarar@knesset.gov.il,,,,,
n,likud,אבי דיכטר,avidichter,m,,,,,,davraham@knesset.gov.il,,,,,
t,yisrael-beitenu,אביגדור ליברמן,aliberman,m,no,https://www.facebook.com/AvigdorLiberman,@AvigdorLiberman,avigdorliberman,pic.twitter.com/RdzrsF9AYx,aliberman@knesset.gov.il,,,,,
n,likud,אברהם נגוסה,avrahamnagosa,m,,,,,,anagosa@knesset.gov.il,,,,,
t,likud,אופיר אקוניס,oakunis,m,,https://www.facebook.com/OfirAkunis,@OfirAkunis,,,oakunis@knesset.gov.il,http://www.ofirakunis.co.il/,,,,
t,habait-hayehudi,אורי אריאל,uria,m,yes,https://www.facebook.com/uriariel.co.il,@uriariel.co.il,saruriariel,,uria@knesset.gov.il,,,,,
t,yahadut-hatora,אורי מקלב,umaklev,m,yes,,,,,umaklev@knesset.gov.il,,,,,
t,yisrael-beitenu,אורלי לוי אבקסיס,levyabkasis,f,no,https://www.facebook.com/orly.levyabkasis,@orly.levyabkasis,,,,,,,,
n,likud,אורן חזן,orenhazan,m,,,,oren_haz,,ohazan@knesset.gov.il,,,,,
t,reshima-aravit,אחמד טיבי,atibi,m,yes,https://www.facebook.com/Tibi.Fans,@Tibi.Fans,Ahmad_tibi,,atibi@knesset.gov.il,,,,,
n,likud,איוב קרא,iobkara,m,,,,,,,,,,,
t,hamahane-hazioni,איילת נחמיאס ורבין,ayeletnn,f,yes,https://www.facebook.com/ayelet.nahmiasverbin,@ayelet.nahmiasverbin,ayeletnnv,,ayeletnn@yahoo.com,,,,,
t,habait-hayehudi,איילת שקד,ashaked,f,no,https://www.facebook.com/ayelet.benshaul.shaked,@ayelet.benshaul.shaked,ayelet__shaked,,ashaked@knesset.gov.il,,,,,
t,reshima-aravit,איימן עודה,aymanjabha,m,yes,https://www.facebook.com/AymanOdeh1975,@AymanOdeh1975,ayman_odeh_75,pic.twitter.com/aNUxTaBTAQ,aymanjabha@gmail.com,,,,,
t,hamahane-hazioni,איל בן ראובן,eyalbenreuven,m,yes,https://www.facebook.com/pages/%D7%90%D7%99%D7%9C-%D7%91%D7%9F-%D7%A8%D7%90%D7%95%D7%91%D7%9F/344177249102141,@איל-בן-ראובן,,,,,,,,
t,meretz,אילן גילאון,igilon,m,yes,https://www.facebook.com/MKIlanGilon,@MKIlanGilon,,,igilon@knesset.gov.il,,,,,
t,hamahane-hazioni,איציק שמולי,ishmuli,m,yes,https://www.facebook.com/itzik.shmuli,@itzik.shmuli,ishmuli,,ishmuli@knesset.gov.il,,,,,
t,hamahane-hazioni,איתן ברושי,eitanbroshu,m,yes,https://www.facebook.com/pages/%D7%90%D7%99%D7%AA%D7%9F-%D7%91%D7%A8%D7%95%D7%A9%D7%99/389464081230676,@איתן-ברושי,,,Eitanbroshi@gmail.com,http://www.kibbutz.org.il/cgi-webaxy/item?tnua_mazkal-welcom,,,,
t,hamahane-hazioni,איתן כבל,ecabel,m,yes,https://www.facebook.com/eitan.cabel,@eitan.cabel,cabel_eitan,,ecabel@knesset.gov.il,,הגיש הצעת חוק לביטול המאגר,http://www.nrg.co.il/online/1/ART2/324/377.html,עוד בנושא הצעת החוק,http://www.mako.co.il/nexter-archive/Article-5a73491c10e6631006.htm
t,kulanu,אלי אלאלוף,elalouf,m,no,https://www.facebook.com/EliElalouf,@EliElalouf,,,,,,,,
t,habait-hayehudi,אלי בן דהן,bendahan,m,,https://www.facebook.com/EllibenDahan,@EllibenDahan,,,ben.dahan0@gmail.com,,,,,
t,kulanu,אלי כהן,elicohen,m,no,https://www.facebook.com/cpa.eli.cohen,@cpa.eli.cohen,,,,,,,,
t,hamahane-hazioni,אראל מרגלית,emargalit,m,yes,https://www.facebook.com/erelmargalit,@erelmargalit,erelmargalit,,emargalit@knesset.gov.il,,"אני לא חושב שישראל ערוכה למאגר הביומטרי, מכיוון שאני מכיר לפחות שלוש חברות שמסוגלות לפרוץ למאגר הזה ולסכן את הפרטיות של אזרחי ישראל.",https://www.facebook.com/tal.schneider/posts/10153543530924251,,
t,shas,אריה דרעי,deryarye,m,,https://www.facebook.com/DeryArye,@DeryArye,,,,,,,,
t,reshima-aravit,באסל גטאס,gbasel,m,yes,https://www.facebook.com/basel.ghattas,@basel.ghattas,,,gbasel@knesset.gov.il,,,,,
t,likud,בני בגין,benibegin,m,no,https://www.facebook.com/pages/%D7%91%D7%A0%D7%99-%D7%91%D7%92%D7%99%D7%9F/1556045774612992,@בני-בגין,,,begin_bz@bezeqint.net,,,,,
t,likud,בנימין נתניהו,bnetanyahu,m,,https://www.facebook.com/Netanyahu,@Netanyahu,netanyahu,pic.twitter.com/NJnLqKqdAA,bnetanyahu@knesset.gov.il,http://www.netanyahu.org.il/,,,,
t,habait-hayehudi,בצלאל סמוטריץ',smotrich,m,no,https://www.facebook.com/bsmotrich,@bsmotrich,,,smotrich@gmail.com,,,,,
t,reshima-aravit,ג'מאל זחלקה,jzhalka,m,yes,,,,,jzhalka@knesset.gov.il,,,,,
t,likud,גילה גמליאל,ggamliel,f,,https://www.facebook.com/MK.Gila.Gamliel,@MK.Gila.Gamliel,gilagamliel,,ggamliel@knesset.gov.il,,,,,
t,likud,גלעד ארדן,gerdan,m,no,https://www.facebook.com/gilad.erdan,@gilad.erdan,,,gerdan@knesset.gov.il,,,,,
t,reshima-aravit,דב חנין,dhanin,m,yes,https://www.facebook.com/dovhanin,@dovhanin,dovhanin,,dhanin@knesset.gov.il,http://www.dovblog.org/,חתום על הצעת חוק לביטול המאגר,http://www.mako.co.il/nexter-archive/Article-5a73491c10e6631006.htm,,
t,shas,דוד אזולאי ,dazulay,m,no,https://www.facebook.com/pages/%D7%93%D7%95%D7%93-%D7%90%D7%96%D7%95%D7%9C%D7%90%D7%99-David-Azoulay/688854954471676,@דוד-אזולאי-David-Azoulay,,,dazulay@knesset.gov.il,,,,,
n,likud,דוד אמסלם,davidamsalem,m,,,,,,davidam@knesset.gov.il,,,,,
t,likud,דוד ביטן,davidbittan,m,,https://www.facebook.com/pages/%D7%93%D7%95%D7%93-%D7%91%D7%99%D7%98%D7%9F-%D7%A1%D7%92%D7%9F-%D7%A8%D7%90%D7%A9-%D7%A2%D7%99%D7%A8%D7%99%D7%99%D7%AA-%D7%A8%D7%90%D7%A9%D7%95%D7%9F-%D7%9C%D7%A6%D7%99%D7%95%D7%9F/348254355276420,@דוד-ביטן-סגן-ראש-עיריית-ראשון-לציון,,,,,,,,
t,likud,דני דנון,ddanon,m,,https://www.facebook.com/DanonDanny,@DanonDanny,dannydanon,,ddanon@knesset.gov.il,,,,,
t,hamahane-hazioni,דניאל עטר,danyatar,m,yes,https://www.facebook.com/danielatar.il,@danielatar.il,danyatar,,Dany@hagilboa.org.il,https://dannyatar.wordpress.com/,,,,
t,likud,ז'קי לוי,jakilevi,m,,https://www.facebook.com/jakilevi2013,@jakilevi2013,jakilevi,,,,,,,
t,likud,זאב אלקין,zelkin,m,no,https://www.facebook.com/Elkin.Zeev,@Elkin.Zeev,,,Zelkin@knesset.gov.il,,,,,
t,meretz,זהבה גלאון,zgalon,f,yes,https://www.facebook.com/zehavagalon,@zehavagalon,zehavagalon,,zgalon@knesset.gov.il,,,,,
t,hamahane-hazioni,זוהיר בהלול,zohirbhlol,m,yes,https://www.facebook.com/zohirbhlol,@zohirbhlol,,,,,,,,
t,yeshatid,חיים ילין,yelin,m,no,https://www.facebook.com/pages/%D7%97%D7%99%D7%99%D7%9D-%D7%99%D7%9C%D7%99%D7%9F-Haim-Jelin/350522538451081,@חיים-ילין-Haim-Jelin,,,mayor@erc.org.il,,,,,
t,likud,חיים כץ,hkatz,m,,https://www.facebook.com/haim.katz.79,@haim.katz.79,,,hkatz@knesset.gov.il,,,,,
n,yisrael-beitenu,חמד עמאר,hamadam,m,no,,,,,amarh@knesset.gov.il,,,,,
t,reshima-aravit,חנין זועבי,hzoaby,f,yes,https://www.facebook.com/pages/%D7%97%D7%A0%D7%99%D7%9F-%D7%96%D7%95%D7%A2%D7%91%D7%99-%D8%AD%D9%86%D9%8A%D9%86-%D8%B2%D8%B9%D8%A8%D9%8A-Haneen-Zoabi/1511471559083988,@חנין-זועבי-حنين-زعبي-Haneen-Zoabi,haneenzoabii,,hzoaby@knesset.gov.il,,,,,
t,kulanu,טלי פלוסקוב,talifloskov,f,no,,,,,,,,,,
t,yeshatid,יאיר לפיד,ylapid,m,no,https://www.facebook.com/YairLapid,@YairLapid,lapidatid,pic.twitter.com/SNa1HEwrEI,ylapid@KNESSET.GOV.IL,,,,,
t,shas,יואב בן צור,ybentzur,m,,https://www.facebook.com/pages/%D7%99%D7%95%D7%90%D7%91-%D7%91%D7%9F-%D7%A6%D7%95%D7%A8/374943822684927,@יואב-בן-צור,,,ybentzur@knesset.gov.il,,,,,
t,kulanu,יואב גלנט,galant,m,no,https://www.facebook.com/pages/Yoav-Galant-%D7%99%D7%95%D7%90%D7%91-%D7%92%D7%9C%D7%A0%D7%98/150496561638147,@Yoav-Galant-יואב-גלנט,,,,,,,,
t,likud,יואב קיש,yoavkisch,m,,https://www.facebook.com/kisch.yoav,@kisch.yoav,yoavkisch,,,http://www.kisch.co.il/about,,,,
t,hamahane-hazioni,יואל חסון,yoelhasson,m,yes,https://www.facebook.com/MKHasson,@MKHasson,hassonyoel,,yoelhasson1@gmail.com,,,,,
t,yeshatid,יואל רזבוזוב,yrazbuzov,m,no,https://www.facebook.com/yoel.razvozov,@yoel.razvozov,,,yrazbuzov@knesset.gov.il,,,,,
t,likud,יובל שטייניץ,ysteinitz,m,,https://www.facebook.com/steinitzyuval50,@steinitzyuval50,,,ysteinitz@knesset.gov.il,http://www.steinitzonline.com/#!blog/crkt,,,,
t,likud,יולי אדלשטיין,yedelstein,m,no,https://www.facebook.com/YuliEdelstein,@YuliEdelstein,,,yedelstein@knesset.gov.il,,,,,
t,reshima-aravit,יוסוף ג'בארין,ytjabareen,m,yes,,,,,ytjabareen@gmail.com,,,,,
t,hamahane-hazioni,יוסי יונה,yossiyonah,m,yes,https://www.facebook.com/YossiYonah,@YossiYonah,,,keshet.oged@gmail.com,,,,,
t,hamahane-hazioni,יחיאל בר,ybar,m,yes,https://www.facebook.com/pages/Hilik-Bar-%D7%97%D7%99%D7%9C%D7%99%D7%A7-%D7%91%D7%A8/620206311338749,@Hilik-Bar-חיליק-בר,,,ybar@knesset.gov.il,,,,,
t,habait-hayehudi,ינון מגל,yinonmagal,m,,https://www.facebook.com/people/Yinon-Magal/100000162448100,@Yinon-Magal,yinonmagal,,,,,,,
t,yeshatid,יעל גרמן,ygerman,f,no,https://www.facebook.com/GermanYeshAtid,@GermanYeshAtid,,,ygerman@KNESSET.GOV.IL,,,,,
t,yahadut-hatora,יעקב ליצמן,ylitzman,m,,https://www.facebook.com/pages/Yaakov-Litzman-%D7%99%D7%A2%D7%A7%D7%91-%D7%9C%D7%99%D7%A6%D7%9E%D7%9F/590356577655288,@Yaakov-Litzman-יעקב-ליצמן,,,ylitzman@knesset.gov.il,,,,,
t,shas,יעקב מרגי,ymargi,m,no,,,,,ymargi@knesset.gov.il,,,,,
t,yeshatid,יעקב פרי,ypery,m,no,https://www.facebook.com/Yaakov.Perry,@Yaakov.Perry,jacobpe1,,ypery@KNESSET.GOV.IL,,,,,
t,kulanu,יפעת שאשא-ביטון,sbyifat,f,no,https://www.facebook.com/sbyifat,@sbyifat,,,,,,,,
t,hamahane-hazioni,יצחק הרצוג,iherzog,m,yes,https://www.facebook.com/IsaacHerzog,@IsaacHerzog,,,iherzog@knesset.gov.il,,,,,
t,shas,יצחק וקנין,yvaknin,m,no,,,,,yvaknin@knesset.gov.il,,,,,
t,shas,יצחק כהן,izchakec,m,,,,,,izchakec@knesset.gov.il,,,,,
n,likud,ירון מזוז,yaronmazuz,m,,,,,,ymazuz@knesset.gov.il,,,,,
t,likud,יריב לוין,ylevin,m,no,https://www.facebook.com/yariv.levin.9,@yariv.levin.9,,,ylevin@knesset.gov.il,http://www.yarivlevin.org.il/,,,,
t,yahadut-hatora,ישראל אייכלר,ieichler,m,yes,https://www.facebook.com/pages/Israel-Eichler-%D7%99%D7%A9%D7%A8%D7%90%D7%9C-%D7%90%D7%99%D7%99%D7%9B%D7%9C%D7%A8/140476896137364,@Israel-Eichler-ישראל-אייכלר,yisraeleichler,,ieichler@knesset.gov.il,,,,,
t,likud,ישראל כץ,yiskatz,m,no,https://www.facebook.com/katzisraellikud,@katzisraellikud,,,yiskatz@knesset.gov.il,,,,,
t,yeshatid,מאיר כהן,cohenmeir,m,no,https://www.facebook.com/meircoh,@meircoh,,,cohenmeir@KNESSET.GOV.IL,,,,,
t,yahadut-hatora,מאיר פרוש,mporush,m,no,https://www.facebook.com/pages/Meir-Porush-%D7%9E%D7%90%D7%99%D7%A8-%D7%A4%D7%A8%D7%95%D7%A9/459630770783649,@Meir-Porush-מאיר-פרוש,,,mporush@knesset.gov.il,,,,,
t,habait-hayehudi,מוטי יוגב,myogev,m,,https://www.facebook.com/mottiyogev,@mottiyogev,,,myogev@knesset.gov.il,,,,,
t,kulanu,מייקל אורן,michaeloren,m,no,https://www.facebook.com/AmbassadorOren,@AmbassadorOren,drmichaeloren,,info.michaeloren@gmail.com,,,,,
t,hamahane-hazioni,מיכל בירן,mbiran,f,yes,https://www.facebook.com/MichalBiran,@MichalBiran,,,mbiran@knesset.gov.il,,,,,
t,meretz,מיכל רוזין,mrozin,f,yes,https://www.facebook.com/michal.rozin,@michal.rozin,,,mrozin@knesset.gov.il,http://michalrozin.co.il/,,,,
t,yeshatid,מיקי לוי,levimiki,m,no,https://www.facebook.com/LevyYeshAtid,@LevyYeshAtid,,,levimiki@KNESSET.GOV.IL,,,,,
t,hamahane-hazioni,מיקי רוזנטל,mikiros,m,yes,https://www.facebook.com/miki.rosenthal,@miki.rosenthal,mikiros1,,mrosenthal@knesset.gov.il,,,,,
t,kulanu,מירב בן ארי,meravbenari,f,no,https://www.facebook.com/pages/%D7%9E%D7%99%D7%A8%D7%91-%D7%91%D7%9F-%D7%90%D7%A8%D7%99-Merav-Ben-Ari/1000293466651925,@מירב-בן-ארי-Merav-Ben-Ari,,,,,,,,
t,hamahane-hazioni,מירב מיכאלי,michaelim,f,yes,https://www.facebook.com/MichaeliMerav,@MichaeliMerav,,,michaelim@knesset.gov.il,,,,,
t,likud,מירי רגב,mregev,f,yes,https://www.facebook.com/miri.regev.il,@miri.regev.il,regev_miri,,mregev@knesset.gov.il,http://www.miri-regev.co.il/,חתומה על הצעת חוק לביטול המאגר,http://www.mako.co.il/nexter-archive/Article-5a73491c10e6631006.htm,,
n,likud,מכלוף מיקי זוהר,mikizohar,m,,,,,,mahlufz@knesset.gov.il,,,,,
t,hamahane-hazioni,מנואל טרכטנברג,manueltraj,m,yes,https://www.facebook.com/Trajtenberg,@Trajtenberg,manueltraj,,,http://manuel.co.il/,,,,
t,yahadut-hatora,מנחם אליעזר מוזס,mmozes,m,no,,,,,mmozes@knesset.gov.il,,,,,
t,reshima-aravit,מסעוד גנאים,mganaim,m,yes,,,,,mganaeim@knesset.gov.il,,,,,
t,yahadut-hatora,משה גפני,mgafni,m,yes,,,,,mgafni@knesset.gov.il,,,,,
t,likud,משה יעלון,myaalon,m,,https://www.facebook.com/pages/%D7%9E%D7%A9%D7%94-%D7%91%D7%95%D7%92%D7%99-%D7%99%D7%A2%D7%9C%D7%95%D7%9F-Moshe-Bogie-Yaalon/173196886046831,@משה-בוגי-יעלון-Moshe-Bogie-Yaalon,,,myaalon@knesset.gov.il,,,,,
t,kulanu,משה כחלון,cahlon,m,no,https://www.facebook.com/Moshekahalon,@Moshekahalon,kahlonmoshe,pic.twitter.com/0w0mYXMc0d,dover.koolanu@gmail.com,,,,,
t,shas,משולם נהרי ,mnahari,m,no,,,,,mnahari@knesset.gov.il,,,,,
n,likud,נאוה בוקר,navaboker,f,,,,,,nboker@knesset.gov.il,,,,,
n,likud,נורית קורן,nuritkoren,f,,,,,,nkoren@knesset.gov.il,,,,,
t,hamahane-hazioni,נחמן שי,nshai,m,yes,https://www.facebook.com/NachmanShai,@NachmanShai,,,nshai@knesset.gov.il,http://www.nachmanshai.co.il/,חתום על הצעת חוק לביטול המאגר,http://www.mako.co.il/nexter-archive/Article-5a73491c10e6631006.htm,,
t,habait-hayehudi,ניסן סלומינסקי,nissan,m,,https://www.facebook.com/NissanSlomiansky,@NissanSlomiansky,,,nissan@knesset.gov.il,,,,,
t,habait-hayehudi,נפתלי בנט,nbenet,m,,https://www.facebook.com/NaftaliBennett,@NaftaliBennett,naftalibennett,pic.twitter.com/M6Pw4g2iRV,nbenet@knesset.gov.il,,,,,
t,hamahane-hazioni,סבטלוב קסניה,svetlovaksenia,f,yes,https://www.facebook.com/SvetlovaKsenia,@SvetlovaKsenia,,,,,,,,
t,yisrael-beitenu,סופה לנדבר,slandver,f,no,https://www.facebook.com/sofa.landver,@sofa.landver,,,slandver@knesset.gov.il,,,,,
t,likud,סילבן שלום,sshalom,m,,https://www.facebook.com/silvan.shalom.official,@silvan.shalom.official,silvanshalom,,sshalom@knesset.gov.il,http://www.silvan-shalom.co.il/,,,,
t,reshima-aravit,סעדי אוסאמה,sosma,m,yes,,,,,,,,,,
t,hamahane-hazioni,סתיו שפיר,sshaffir,f,yes,https://www.facebook.com/stavshaffir,@stavshaffir,stavshaffir,,sshaffir@knesset.gov.il,http://stavshaffir.co.il/,,,,
n,reshima-aravit,עבד אלחכים חאג׳ יחיא,abedelhaj,m,,,,,,abedh@knesset.gov.il,,,,,
t,hamahane-hazioni,עומר בר-לב,obarlev,m,yes,https://www.facebook.com/barlev.omer,@barlev.omer,,,obarlev@knesset.gov.il,,,,,
t,yeshatid,עופר שלח,oshelach,m,no,https://www.facebook.com/OferYeshAtid,@OferYeshAtid,,,oshelach@KNESSET.GOV.IL,,,,,
t,meretz,עיסאווי פריג',ifrarig,m,yes,https://www.facebook.com/pages/%D7%A2%D7%99%D7%A1%D7%90%D7%95%D7%99-%D7%A4%D7%A8%D7%99%D7%92/166156570202888,@עיסאוי-פריג,,,ifarig@knesset.gov.il,,,,,
t,yeshatid,עליזה לביא,alizalavie,f,no,https://www.facebook.com/aliza.lavie,@aliza.lavie,aliza_lavie,,alavie@KNESSET.GOV.IL,http://www.alizalavie.com/hebrew/index.html,,,,
t,hamahane-hazioni,עמיר פרץ,aperetz,m,yes,https://www.facebook.com/Peretz.Amir,@Peretz.Amir,amirperetz,,aperetz@knesset.gov.il,,,,,
n,likud,ענת ברקו,anatbarko,f,,,,,,anatb@knesset.gov.il,,,,,
t,likud,צחי הנגבי,tzhanegbi,m,,https://www.facebook.com/Tzachi.Hanegbi,@Tzachi.Hanegbi,,,tzhanegbi@knesset.gov.il,,,,,
t,likud,ציפי חוטובלי,tzipihotovely,f,no,https://www.facebook.com/TzipiHotovely,@TzipiHotovely,,,,http://www.tzipi.org.il/,,,,
t,hamahane-hazioni,ציפי ליבני,zlivni,f,no,https://www.facebook.com/tzipilivni,@tzipilivni,tzipi_livni,pic.twitter.com/RpiBLP7vxZ,zlivni@knesset.gov.il,,,,,
t,yeshatid,קרין אלהרר,kelharrar,f,no,https://www.facebook.com/karine.elharrar,@karine.elharrar,KElharrar,,kelharar@KNESSET.GOV.IL,,,,,
n,yisrael-beitenu,רוברט אילטוב,robertil,m,no,,,,,rilatov@knesset.gov.il,,,,,
t,hamahane-hazioni,רויטל סוויד,revitalswid,f,yes,https://www.facebook.com/pages/%D7%A8%D7%95%D7%99%D7%98%D7%9C-%D7%A1%D7%95%D7%99%D7%93-%D7%A2%D7%95%D7%93-Revital-Swid/212547315512949,@רויטל-סויד-עוד-Revital-Swid,,,,,,,,
t,kulanu,רועי פולקמן,folkman,m,no,,,,,,,,,,
t,kulanu,רחל עזריה,racherazaria,f,no,https://www.facebook.com/rachel.azaria,@rachel.azaria,,,,,,,,
t,yeshatid,שי פירון,spiron,m,no,https://www.facebook.com/shay.piron,@shay.piron,shaypiron,,spiron@KNESSET.GOV.IL,,,,,
t,hamahane-hazioni,שלי יחימוביץ',syechimivich,f,yes,https://www.facebook.com/ShellyYachimovich,@ShellyYachimovich,Syechimovich,,syechimovich@knesset.gov.il,http://www.shelly.org.il/,"""זה חוק חשוך המקנה למדינה שליטה בלא מצרים על מאגר של טביעות אצבע, תמונות ונתונים אישיים של אזרחי המדינה, כאילו היו עבריינים מבוקשים""",http://www.nrg.co.il/online/1/ART2/324/377.html,חתומה על הצעת חוק לביטול המאגר,http://www.mako.co.il/nexter-archive/Article-5a73491c10e6631006.htm
t,yisrael-beitenu,שרון גל,sgal,m,no,https://www.facebook.com/sharongal100,@sharongal100,,,sg100com@gmail.com,,,,,
t,reshima-aravit,תומא סולימן עאידה,tomasuliman,m,yes,,,,,,,,,,
t,meretz,תמר זנדברג,tzandberg,f,yes,https://www.facebook.com/tamarzandberg,@tamarzandberg,tamarzandberg,,tzandberg@knesset.gov.il,,,,,